classID,file_name,fold,category
0,sync2-1.wav,1,sync
0,sync2-2.wav,1,sync
0,sync2-3.wav,1,sync
0,sync2-4.wav,1,sync
0,sync2-6.wav,1,sync
0,sync2-7.wav,1,sync
0,sync7.wav,1,sync
0,sync1.wav,1,sync
0,sync2.wav,1,sync
0,sync3.wav,1,sync
0,sync4.wav,1,sync
0,sync5.wav,1,sync
0,sync6.wav,1,sync
0,sync7.wav,1,sync
0,sync8.wav,1,sync
0,sync9.wav,2,sync
0,sync10.wav,2,sync
1,unsync1.wav,1,unsync
1,unsync2.wav,1,unsync
1,unsync3.wav,1,unsync
1,unsync4.wav,1,unsync
1,unsync5.wav,1,unsync
1,unsync6.wav,1,unsync
1,unsync7.wav,1,unsync
1,unsync8.wav,1,unsync
1,unsync9.wav,2,unsync
1,unsync10.wav,2,unsync
1,unsync2-1.wav,1,unsync
1,unsync2-2.wav,1,unsync
1,unsync2-3.wav,1,unsync
1,unsync2-4.wav,1,unsync
1,unsync2-5.wav,1,unsync
1,unsync2-6.wav,1,unsync
1,unsync2-7.wav,1,unsync
1,unsync2-8.wav,1,unsync
1,unsync2-9.wav,2,unsync
1,unsync2-10.wav,2,unsync
1,unsync2-11.wav,1,unsync
1,unsync2-12.wav,1,unsync
1,unsync2-13.wav,1,unsync
1,unsync2-14.wav,1,unsync
1,unsync2-15.wav,1,unsync
1,unsync2-16.wav,1,unsync
1,unsync2-17.wav,1,unsync
1,unsync2-18.wav,1,unsync
1,unsync2-19.wav,2,unsync
1,unsync2-20.wav,2,unsync
1,unsync2-21.wav,1,unsync
1,unsync2-22.wav,1,unsync
1,unsync2-23.wav,1,unsync
1,unsync2-24.wav,1,unsync
1,unsync2-25.wav,1,unsync
1,unsync2-26.wav,1,unsync
1,unsync2-27.wav,1,unsync
1,unsync2-28.wav,1,unsync
1,unsync2-29.wav,2,unsync
1,unsync2-30.wav,2,unsync
1,unsync2-31.wav,1,unsync
1,unsync2-32.wav,1,unsync
1,unsync2-33.wav,1,unsync
1,unsync2-34.wav,1,unsync
1,unsync2-35.wav,1,unsync
1,unsync2-36.wav,1,unsync
1,unsync2-37.wav,1,unsync
1,unsync2-38.wav,1,unsync
1,unsync2-39.wav,2,unsync
1,unsync2-40.wav,2,unsync
1,unsync2-41.wav,1,unsync
1,unsync2-42.wav,1,unsync
1,unsync2-43.wav,1,unsync
1,unsync2-44.wav,1,unsync
1,unsync2-45.wav,1,unsync
1,unsync2-46.wav,1,unsync
1,unsync2-47.wav,1,unsync
1,unsync2-48.wav,1,unsync
1,unsync2-49.wav,2,unsync
1,unsync2-50.wav,2,unsync
0,sync3-1.wav,1,sync
0,sync3-2.wav,1,sync
0,sync3-3.wav,1,sync
0,sync3-4.wav,1,sync
0,sync3-6.wav,1,sync
0,sync3-7.wav,1,sync
0,sync4-1.wav,1,sync
0,sync4-2.wav,1,sync
0,sync4-3.wav,1,sync
0,sync4-4.wav,1,sync
0,sync4-6.wav,1,sync
0,sync4-7.wav,1,sync
0,sync4-8.wav,1,sync
0,sync4-9.wav,1,sync
0,sync4-10.wav,1,sync
0,sync4-11.wav,1,sync
0,sync3-8.wav,1,sync
0,sync3-9.wav,1,sync
